Emp No,Name,Blood Group,Phone,Residence,Email,DOB,Unit,Department,Designation,DOJ,E0,E1,E2,E3,E4,E5,E6,E7
1424,Sitangshu Paul,O+,8811097418,D-2,sitangshu.paul@bcplindia.co.in,1/1/1974,,Instrumentation,E8 - CGM,29-Oct-14,,,,,,,,2019
1049,Pradeep Rawat,B+,9435721775,Hostel-B/102,prawat@bcplindia.co.in,1/1/1971,,Chemical,E7 - GM,14-Jun-10,,,,,,,,
1689,Anay Ramesh Burde,O-,9920162770,D-5,anay.burde@bcplindia.co.in,1/1/1967,,Chemical,E7 - GM,13-Apr-17,,,,,,,,
1104,Pronoy Paul,O+,9435563184,C-1/7,pkpaul@bcplindia.co.in,1/1/1967,,Mechanical,#REF!,23-Aug-11,,,,,,,,2018
1053,Ruli Das Sen,AB+,9864047111,Guwahati,rulisen@bcplindia.co.in,,,CS,E7 - GM,12-Jul-10,,,,,,,,2019
1105,Pranjal Kakoty,B+,9954485788,0,pranjalkakoty@bcplindia.co.in,1/1/1969,,C & P,#REF!,23-Aug-11,,,,,,2015,2019,2024
1218,Abhijit Nath,B-,9706049261,D,abhijit.nath@bcplindia.co.in,1/1/1975,,Chemical,#REF!,24-Apr-13,,,,,,,2017,2024
1079,Suresh Kumar Nath,AB+,9435747735,C-1/2,sknath@bcplindia.co.in,1/1/1967,,Electrical,#REF!,19-Oct-10,,,,,,,2019,2025
1216,Rajib Taid,O+,8811036982,C-2/2,rajib.taid@bcplindia.co.in,10/22/1974,,IT,#REF!,24-Apr-13,,,,,,,2018,
1152,Vikash Kumar,O+,9435064684,C-4/6,vkumar@bcplindia.co.in,9/19/1972,,F & A,E6 - DGM,17-Apr-12,,,,,,2019,,
1179,Mohd Afzal Ali,A+,9435335630,C-4/2,afzal.ali@bcplindia.co.in,2/1/1969,,Civil,#REF!,10-Jul-12,,,,,,,2019,
1778,Rohini Kanta Sharma,A+,9435387120,C-4/5,rohinik.sharma@bcplindia.co.in,1/29/1969,,HR,E6 - DGM,2-Sep-19,,,,,,,,
1433,Mahananda Thakuria,O+,9954209102,C-7/7,mahananda.thakuria@bcplindia.co.in,8/15/1975,,Mechanical,#REF!,29-Oct-14,,,,,,,2020,
1445,Jamil Akhtar,B+,7086008926,C-5/6,jamil.akhtar@bcplindia.co.in,5/31/1975,,Electrical,#REF!,13-Nov-14,,,,,,,2020,
1206,Pradipta Dutta,O+,9435139332,0,pradipta.dutta@bcplindia.co.in,12/22/1976,,Chemical,#REF!,24-Apr-13,,,,,,2017,2021,
1085,Ananta Kumar Bora,B+,9435747842,C-5/1,akbora@bcplindia.co.in,1/31/1977,,Chemical,#REF!,19-Oct-10,,,,,,2017,2022,
1201,Rakesh Pratap Mall,O+,9435383316,C-3/2,rakesh.mall@bcplindia.co.in,8/22/1978,,Chemical,#REF!,24-Apr-13,,,,,,2017,2022,
1205,Chandan Baruah,A+,9864019941,C-6/2,chandan.baruah@bcplindia.co.in,1/2/1974,,Telecom,#REF!,24-Apr-13,,,,,,2017,2022,
1084,Vipin Kumar,B+,9859929878,Hostel-A/208,vipinkumar@bcplindia.co.in,12/5/1978,,IT,#REF!,19-Oct-10,,,,,,2015,2024,
1210,Arghya Prasun Dutta,B+,9435591100,C-7/1,apdutta@bcplindia.co.in,10/22/1977,,Mechanical,#REF!,24-Apr-13,,,,,,2017,2024,
1083,Ikramul Haque,B+,9435100244,0,ihaque@bcplindia.co.in,9/14/1975,,Mechanical,#REF!,19-Oct-10,,,,,,2018,2024,
1087,Pankaj Das,O+,9435745253,0,pdas@bcplindia.co.in,11/30/1979,,Instrumentation,#REF!,23-Aug-11,,,,,,2018,2024,
1096,Debasish Goswami,A+,9435721806,C-4/8,dgoswami@bcplindia.co.in,1/1/1976,,F & A,#REF!,23-Aug-11,,,,,,2019,2024,
1097,Prantik Sharma,B+,9435016108,0,psharma@bcplindia.co.in,3/1/1977,,Marketing,#REF!,23-Aug-11,,,,,2015,,2024,
1081,Jayanta Kumar Baruah,AB+,9706050807,0,jkbaruah@bcplindia.co.in,1/7/1972,,HR,#REF!,19-Oct-10,,,,,,,2024,
1242,Surya Pratim Pal,O+,8811019834,C-3/5,suryap.pal@bcplindia.co.in,11/4/1977,LLDPE,Chemical,#REF!,4-Jun-13,,,,,,,2024,
1078,Brajendra Kumar Talukdar,B+,9435562620,C-1/1,btalukdar@bcplindia.co.in,10/24/1973,,Electrical,#REF!,19-Oct-10,,,,,,2019,2025,
1451,Subhamoy Bhattacharyya,A+,9433272278,C-5/10,subhamoy.bhattacharyya@bcplindia.co.in,11/14/1979,,Instrumentation,#REF!,22-Jan-15,,,,,,2019,2025,
1162,Prodip Kumar Shome,B-,9435287629,C-4/7,pkshome@bcplindia.co.in,3/1/1978,,Mechanical,#REF!,17-Apr-12,,,,,2015,2020,2025,
1192,Gautam Das,O+,8811018245,C-2/10,gautam.das@bcplindia.co.in,11/12/1983,ECU,Chemical,#REF!,3-Sep-12,,,,,,2020,2025,
1208,Tarpan Deori,O+,9435151709,0,tarpan.deori@bcplindia.co.in,3/30/1974,,Mechanical,#REF!,24-Apr-13,,,,,,2017,2026,
1093,Arup Kumar Taye,O+,9435721864,0,aktaye@bcplindia.co.in,1/14/1975,,Security,#REF!,23-Aug-11,,,,,2015,2019,2026,
1089,Abhinov Gogoi, ,7086027355,C-2/6,agogoi@bcplindia.co.in,7/21/1979,,Instrumentation,#REF!,23-Aug-11,,,,,2015,2020,2026,
1092,Imdadul Hoque Choudhury,A+,9435152207,C-2/7,ihchoudhury@bcplindia.co.in,1/29/1974,,Electrical,#REF!,23-Aug-11,,,,,2015,2020,2026,
1149,Manoj Kumar Haloi,A+,9435312782,C-3/10,mkhaloi@bcplindia.co.in,6/2/1979,PPU,Chemical,#REF!,1-Nov-11,,,,,2016,2020,2026,
1396,Sudesh Kumar Singh,B+,8811085449,C-1/3,sudesh.singh@bcplindia.co.in,10/28/1975,,Labortory,#REF!,29-Oct-14,,,,,,2020,2026,
1425,Malay Nayek,B+,8811092109,C-6/6,malay.nayek@bcplindia.co.in,10/17/1981,IOPS,Chemical,#REF!,29-Oct-14,,,,,,2020,2026,
1462,Kumar Sourav Dutta,O-,7086012484,C-8/7,ksourav.dutta@bcplindia.co.in,10/7/1980,BD,Chemical,#REF!,2-Feb-15,,,,,,2019,,
1074,Noor Ahmed Dewan,O+,9435377719,0,nahmed@bcplindia.co.in,6/8/1978,,Civil,#REF!,19-Oct-10,,,,,2015,2020,,
1101,Rajib Buragohain,A+,7086085405,0,rajib@bcplindia.co.in,2/13/1972,,Mechanical,#REF!,23-Aug-11,,,,,2015,2020,,
1153,Santanu Kumar Baruah,A+,9707617050,0,skbaruah@bcplindia.co.in,10/5/1976,,Electrical,#REF!,17-Apr-12,,,,,2015,2020,,
1160,Ranabir Tarat,A+,9957179402,C-2/8,rtarat@bcplindia.co.in,4/20/1976,,Mechanical,#REF!,17-Apr-12,,,,,2015,2020,,
1159,Partha Sarathi Buragohain,A+,9435139595,0,psburagohain@bcplindia.co.in,9/5/1972,,Mechanical,#REF!,17-Apr-12,,,,,,2020,,
1479,Anirvan Chakrabarti,B+,7086015183,C-5/12,anirvan.chakrabarti@bcplindia.co.in,12/25/1976,,Mechanical,#REF!,29-Apr-15,,,,,,2020,,
1647,Kalyan Chandra Nath,AB+,7575929976,C-4/4,kalyan.nath@bcplindia.co.in,11/28/1979,Projects,Chemical,#REF!,12-Feb-16,,,,,,2020,,
1075,Debajit Nath,O+,9706000680,C-8/4,dnath@bcplindia.co.in,1/8/1978,,Civil,#REF!,19-Oct-10,,,,,2016,2021,,
1142,Ripunjoy Choudhury,A+,9435563967,0,rchoudhury@bcplindia.co.in,3/1/1975,,Instrumentation,#REF!,1-Nov-11,,,,,2016,2021,,
1165,Taufique Rahmat Ullah,AB+,7099042076,0,taufique@bcplindia.co.in,12/26/1976,,Mechanical,#REF!,17-Apr-12,,,,,2016,2021,,
1203,Neelam Pratim Gogoi,O+,9435569345,Town,neelam.gogoi@bcplindia.co.in,2/2/1978,,Electrical,#REF!,24-Apr-13,,,,,2016,2021,,
1458,Dhruba Jyoti Kalita,A+,9435331300,C-3/9,dhrubaj.kalita@bcplindia.co.in,12/25/1980,Projects,Chemical,#REF!,22-Jan-15,,,,,,2021,,
1650,Saiprasad Sahoo,B+,7086095840,C-2/9,saiprasad.sahoo@bcplindia.co.in,7/5/1981,PPU,Chemical,#REF!,7-Mar-16,,,,,,2021,,
1088,Binoy Kumar Rabha,B+,9435521315,C-6/4,bkrabha@bcplindia.co.in,11/5/1979,,IT,#REF!,23-Aug-11,,,,,2016,2022,,
1151,Debajyoti Das Choudhury,O+,9854077274,C-6/1,ddchoudhury@bcplindia.co.in,3/20/1979,,Electrical,#REF!,17-Apr-12,,,,,2016,2022,,
1586,Mahendra Kumar Bhartiya,B+,7086044613,C-1/10,mahendrak.bhartiya@bcplindia.co.in,11/26/1973,,Mechanical,#REF!,29-Jul-15,,,,,,2022,,
1651,Shashi Kant Kumar,O+,7086094615,C-2/12,shashikant.kumar@bcplindia.co.in,12/28/1980,LLDPE,Chemical,#REF!,3-Jun-16,,,,,,2022,,
1674,Md. Kalamuddin,,7086029274,C-1/5,md.kalamuddin@bcplindia.co.in,7/25/1985,,Mechanical,#REF!,24-Oct-16,,,,,,2022,,
1047,Arun Jyoti Dutta,B+,8811098520,C-2/1,ajdutta@bcplindia.co.in,12/31/1979,,C & P,#REF!,14-Jun-10,,,,,2017,2024,,
1169,Sankar Das,O+,6900175065,0,sankardas@bcplindia.co.in,4/1/1972,,Mechanical,#REF!,2-Jul-12,,,,,2017,2024,,
1011,Sandeep Saikia,B+,9678001199,C-4/1,ssaikia@bcplindia.co.in,2/13/1984,,Electrical,#REF!,14-Jun-10,,,,,2018,2024,,
1036,Nayan Mani Dutta,A+,9864059249,C-8/5,nmdutta@bcplindia.co.in,1/31/1983,,F & A,#REF!,14-Jun-10,,,,,2018,2024,,
1233,Himanshu Phukan,O+,7896003327,0,himanshu.phukan@bcplindia.co.in,1/20/1984,GDU,Chemical,#REF!,23-May-13,,,,,2018,2024,,
1240,Dwaipayan Bhattacharyya,A+,8811025541,C-1/11,dwaipayan.bhattachar@bcplindia.co.in,12/20/1983,ECU,Chemical,#REF!,28-May-13,,,,,2018,2024,,
1669,P.Prabhu Sankar,A+,8870126816,0,p.prabhusankar@bcplindia.co.in,6/13/1980,,Instrumentation,#REF!,5-Sep-16,,,,,,2024,,
1147,Sanjib Dutta,O+,9435735642,0,sanjib@bcplindia.co.in,1/31/1973,,Instrumentation,#REF!,1-Nov-11,,,,,2017,2025,,
1213,Jayraj Mali,AB+,9435591176,C-7/5,jayraj.mali@bcplindia.co.in,3/16/1982,,Electrical,#REF!,24-Apr-13,,,,,2017,2025,,
1001,Manish Manohar,A+,9678003426,0,mmanohar@bcplindia.co.in,,,CS,#REF!,15-Oct-09,,,,,2018,2025,,
1005,Subrata Phukan,A+,9435749891,C-2/4,sphukan@bcplindia.co.in,11/16/1982,,Instrumentation,#REF!,15-Oct-09,,,,,2018,2025,,
1009,Ashik Alam,B+,9859945708,C-3/4,ashikalam@bcplindia.co.in,6/30/1982,LLDPE,Chemical,#REF!,14-Jun-10,,,,,2018,2025,,
1021,Kanishka .,O+,9435747343,C-7/6,kanishka@bcplindia.co.in,1/9/1986,,Instrumentation,#REF!,14-Jun-10,,,,,2018,2025,,
1056,Zakir Hussain,O+,9678084407,C-6/5,zhussain@bcplindia.co.in,2/14/1982,,Mechanical,#REF!,12-Jul-10,,,,,2018,2025,,
1058,Lallu Gopalakrishnan Sharma,A+,9678085453,C-5/9,lgsharma@bcplindia.co.in,5/25/1984,ECU,Chemical,#REF!,16-Jul-10,,,,,2018,2025,,
1199,Olivia Rajkumari,B+,7399018425,0,olivia.rajkumari@bcplindia.co.in,12/27/1984,,Civil,#REF!,24-Apr-13,,,,,2018,2025,,
1215,Neeta Dutta,A+,8011117266,C-3/1,neeta.dutta@bcplindia.co.in,1/4/1987,,C & P,#REF!,24-Apr-13,,,,,2018,2025,,
1250,Nabajit Das,B+,9954673137,C-7/3,nabajit.das@bcplindia.co.in,10/1/1981,,Mechanical,#REF!,5-Jun-13,,,,,2018,2025,,
1257,Rahul Agarwalla,A+,8811018740,C-1/6,rahul.agarwalla@bcplindia.co.in,3/14/1987,,Mechanical,#REF!,19-Jun-13,,,,,2018,2025,,
1296,Dildar Neog,B+,9435593041,0,dildar.neog@bcplindia.co.in,9/16/1981,,F & A,#REF!,7-Aug-13,,,,,2018,2025,,
1317,Raju Kalita,O+,9864120842,0,raju.kalita@bcplindia.co.in,7/13/1982,Lakwa,Chemical,#REF!,26-Sep-13,,,,,2018,2025,,
1318,Rupam Dutta,O+,8811097312,0,rupam.dutta@bcplindia.co.in,11/4/1985,GSU,Chemical,#REF!,26-Sep-13,,,,,2018,2025,,
1006,Nitul Kalita,A+,9435474927,0,nitulkalita@bcplindia.co.in,1/26/1984,,Mechanical,#REF!,15-Oct-09,,,,2015,2019,2025,,
1035,Vijay Thadani,AB+,9854366208,C-3/6,vthadani@bcplindia.co.in,1/8/1983,,F & A,#REF!,14-Jun-10,,,,2015,2019,2025,,
1090,Mrinal Thakur,O+,9435721723,C-6/7,mrinal@bcplindia.co.in,5/18/1980,,Security,#REF!,23-Aug-11,,,,2015,2019,2025,,
1161,Debasish Barthakur,B+,9435567488,C-8/12,debasish@bcplindia.co.in,2/23/1985,,Civil,#REF!,17-Apr-12,,,,2015,2019,2025,,
1013,Amrendra Kumar Choudhary,A+,9435745230,0,akchoudhary@bcplindia.co.in,9/5/1984,,Electrical,#REF!,14-Jun-10,,,,,2019,2025,,
1020,Priyanka Paul,B+,7896805291,0,priyanka@bcplindia.co.in,9/12/1985,MD Cell,Chemical,#REF!,14-Jun-10,,,,,2019,2025,,
1023,Akshay Kumar,O+,7086051063,C-4/12,akumar@bcplindia.co.in,3/25/1987,,Electrical,#REF!,14-Jun-10,,,,,2019,2025,,
1045,Abhijit Sharma,AB+,9435747102,C-7/2,asharma@bcplindia.co.in,1/30/1975,,Electrical,#REF!,14-Jun-10,,,,,2019,2025,,
1157,Tamagna Ghosh,B+,9435566971,0,tghosh@bcplindia.co.in,1/26/1982,BD,Chemical,#REF!,17-Apr-12,,,,,2019,2025,,
1253,Abhigyan Gogoi,B+,9706008582,C-7/9,abhigyan.gogoi@bcplindia.co.in,11/27/1982,PPU,Chemical,#REF!,7-Jun-13,,,,,2019,2025,,
1430,Ashish Kumar Patel,B+,7086020642,0,ashishk.patel@bcplindia.co.in,10/26/1984,,Mechanical,#REF!,29-Oct-14,,,,,2019,2025,,
1431,Upendra Kumar,B+,8811090290,C-6/9,upendra.kumar@bcplindia.co.in,11/14/1982,LLDPE,Chemical,#REF!,29-Oct-14,,,,,2019,2025,,
1481,Ajay Kumar Chaudhary,O+,7086014396,0,ajayk.chaudhary@bcplindia.co.in,6/2/1984,,Instrumentation,#REF!,29-Apr-15,,,,,2019,2025,,
1484,Simanta Sharma,O+,7086016737,0,simanta.sharma@bcplindia.co.in,10/6/1986,,Mechanical,#REF!,29-Apr-15,,,,,2019,2025,,
1110,Bibhu Deb,B+,7086019788,C-1/12,bdeb@bcplindia.co.in,4/2/1986,,F & A,#REF!,23-Aug-11,,,,2016,2020,2025,,
1658,Bijay Kumar Gupta,O+,9725025492,C-2/11,bijayk.gupta@bcplindia.co.in,11/17/1975,ECU,Chemical,#REF!,3-Jun-16,,,,,,2025,,
1664,Ravibabu Kuda,O+,7086083824,C-1/4,ravibabu.kuda@bcplindia.co.in,10/20/1981,TS,Chemical,#REF!,16-Aug-16,,,,,,2025,,
1773,Juned Ali Jafri,O+,9932233662,C-6/3,junedali.jafri@bcplindia.co.in,11/10/1985,,Fire & Safety,#REF!,2-Sep-19,,,,,,2025,,
1098,Kalyan Borgohain,O+,6901240255,0,kalyan@bcplindia.co.in,1/17/1979,,HR,#REF!,23-Aug-11,,,,,2017,2026,,
1316,Amlan Jyoti Sarmah,B+,9864192754,C-8/8,amlanj.sarmah@bcplindia.co.in,10/15/1981,,IT,#REF!,26-Sep-13,,,,,2018,2026,,
1592,Subrata Kumar Pal,A+,7086045190,C-4/3,subratak.pal@bcplindia.co.in,2/10/1980,,Electrical,#REF!,10-Aug-15,,,,,2018,2026,,
1027,Suraj Kumar,A+,9854019892,C-8/11,skumar@bcplindia.co.in,1/10/1985,,Electrical,#REF!,14-Jun-10,,,,2015,2019,2026,,
1164,Yamunapathi Koviri,O+,9435733779,0,cyamunapathi@bcplindia.co.in,4/1/1975,,F & A,#REF!,17-Apr-12,,,,2015,2019,2026,,
1050,Anargha Mallick,AB+,9678085830,C-7/10,amallick@bcplindia.co.in,4/12/1984,,Instrumentation,#REF!,12-Jul-10,,,,,2019,2026,,
1156,Pulok Pran Borah,O+,9435529143,C-8/1,ppborah@bcplindia.co.in,10/23/1973,,Mechanical,#REF!,17-Apr-12,,,,,2019,2026,,
1194,Arup Kumar Borah,B+,7896003769,0,arup.borah@bcplindia.co.in,12/31/1980,,Mechanical,#REF!,28-Sep-12,,,,,2019,2026,,
1256,Ripunjay Baruah,B+,8811018428,0,ripunjay.baruah@bcplindia.co.in,10/1/1986,,Mechanical,#REF!,19-Jun-13,,,,,2019,2026,,
1432,Raju Mondal,B+,7086007989,0,raju.mondal@bcplindia.co.in,3/16/1979,Lakwa,Chemical,#REF!,29-Oct-14,,,,,2019,2026,,
1007,Parag Pran Gogoi,B+,8811017312,C-3/8,ppgogoi@bcplindia.co.in,8/14/1983,,Instrumentation,#REF!,14-Jun-10,,,,2015,2020,2026,,
1010,Kaberi Kakati,O+,9954346959,0,kkakati@bcplindia.co.in,1/31/1984,Vigilance,Chemical,#REF!,14-Jun-10,,,,2015,2020,2026,,
1052,Asha Dutta,O+,9435747242,C-7/12,ashadutta@bcplindia.co.in,8/31/1985,,HR,#REF!,12-Jul-10,,,,2015,2020,2026,,
1061,Priyakshi Gogoi,A+,9854312059,C-8/9,priyakshi@bcplindia.co.in,2/12/1987,,Instrumentation,#REF!,6-Sep-10,,,,2015,2020,2026,,
1063,Nandita Das,A+,9435747776,C-8/10,nandita@bcplindia.co.in,9/2/1987,,Electrical,#REF!,6-Sep-10,,,,2015,2020,2026,,
1070,Sabitri Bhattacharjee,O+,8811094793,0,sabitri@bcplindia.co.in,5/13/1988,,Civil,#REF!,6-Sep-10,,,,2015,2020,2026,,
1127,Manish Kumar Binjola,O+,8811091980,C-3/7,mkbinjola@bcplindia.co.in,7/23/1988,,C & P,#REF!,23-Aug-11,,,,2016,2020,2026,,
1134,Dipankar Sarma,B+,9854860448,0,dipankar@bcplindia.co.in,12/11/1988,,Electrical,#REF!,1-Nov-11,,,,2016,2020,2026,,
1141,Jagannath Charoh,O+,7086083844,B-6/12,jcharoh@bcplindia.co.in,10/5/1989,,Mechanical,#REF!,1-Nov-11,,,,2016,2020,2026,,
1177,Dipul Kumar Das,A+,9435044746,C-1/8,dipul.das@bcplindia.co.in,7/8/1979,,Mechanical,#REF!,2-Jul-12,,,,2016,2020,2026,,
1178,Ranajit Baruah,O+,9864450933,C-5/2,ranajit.baruah@bcplindia.co.in,12/10/1979,,Mechanical,#REF!,2-Jul-12,,,,2016,2020,2026,,
1182,Angshuman Gogoi,O+,9435728929,C-4/10,angshuman.gogoi@bcplindia.co.in,11/21/1982,,Mechanical,#REF!,10-Jul-12,,,,2016,2020,2026,,
1187,Priyabrata Roy,B+,7896005472,0,priyabrata.roy@bcplindia.co.in,9/17/1983,,Instrumentation,#REF!,27-Aug-12,,,,2016,2020,2026,,
1502,Vijaya Kumar Pilli,O+,7086019096,C-4/11,vijayak.pilli@bcplindia.co.in,7/6/1984,ECU,Chemical,#REF!,29-Apr-15,,,,,2020,2026,,
1594,Gokul Bora,B+,9662533120,C-5/7,gokul.bora@bcplindia.co.in,4/30/1980,,Mechanical,#REF!,10-Aug-15,,,,,2020,2026,,
1603,Nishant Bhardwaj,B+,7086045976,C-5/8,nishant.bhardwaj@bcplindia.co.in,2/4/1986,IOPS,Chemical,#REF!,18-Aug-15,,,,,2020,2026,,
1008,Pankaj Kumar,B+,9435522122,C-7/4,pankajkumar@bcplindia.co.in,11/22/1980,,C & P,#REF!,14-Jun-10,,,,,2019,,,
1017,Jayeeta Das,B+,9435474974,C-8/2,jayeeta@bcplindia.co.in,7/4/1985,,PR,#REF!,14-Jun-10,,,,,2019,,,
1217,Devendra Kumar Gupta,AB+,9854035951,C-7/8,devendrak.gupta@bcplindia.co.in,5/16/1983,,Mechanical,#REF!,24-Apr-13,,,,,2019,,,
1236,Utpal Kumar Nath,A+,8811098289,C-6/8,utpalk.nath@bcplindia.co.in,2/1/1977,IOPS,Chemical,#REF!,23-May-13,,,,,2019,,,
1238,Sushanta Biswas,B+,9435592292,C-8/6,sushanta.biswas@bcplindia.co.in,1/15/1982,ECU,Chemical,#REF!,23-May-13,,,,,2019,,,
1777,Mausoom Choudhury,A+,7086045737,C-6/10,mausoom.choudhury@bcplindia.co.in,8/16/1984,,C & P,E4 - SM,2-Sep-19,,,,,,,,
1822,Faisal Sattar,B+,8011906269,B-3/8,faisal.sattar@bcplindia.co.in,10/8/1986,,Law,E4 - SM,17-Sep-19,,,,,,,,
1032,Rajeev Das,B+,9435904906,0,rajeevdas@bcplindia.co.in,7/8/1982,,Instrumentation,#REF!,14-Jun-10,,,,2015,2020,,,
1051,Sabrina Tazkia Mazid,O+,8811080209,0,smazid@bcplindia.co.in,9/10/1985,,HR,#REF!,12-Jul-10,,,,2015,2020,,,
1060,Shakira Mehjabeen,O+,9864232206,0,shakira@bcplindia.co.in,4/21/1988,,Mechanical,#REF!,5-Sep-10,,,,2015,2020,,,
1062,Gunajit Das,A+,9864114851,C-3/12,gunajit@bcplindia.co.in,2/17/1988,,Instrumentation,#REF!,6-Sep-10,,,,2015,2020,,,
1065,Himadri Sarmah,O+,8811036978,C-4/9,hsarmah@bcplindia.co.in,10/16/1988,TS,Chemical,#REF!,6-Sep-10,,,,2015,2020,,,
1067,Nayana Borah,B+,7896003164,0,nborah@bcplindia.co.in,8/10/1987,,Mechanical,#REF!,6-Sep-10,,,,2015,2020,,,
1068,Jutika Mahatta,A+,9859930042,0,jmahatta@bcplindia.co.in,12/9/1988,TS,Chemical,#REF!,6-Sep-10,,,,2015,2020,,,
1069,Srijani Adhikari,O+,9435747659,0,srijani@bcplindia.co.in,5/27/1987,,Civil,#REF!,6-Sep-10,,,,2015,2020,,,
1073,Roktimjit Kakoty,AB+,7086013188,C-1/9,rkakoty@bcplindia.co.in,11/14/1988,ECU,Chemical,#REF!,6-Sep-10,,,,2015,2020,,,
1158,Sajid Hussain,A+,9435102088,C-3/3,shussain@bcplindia.co.in,4/5/1982,,F & A,#REF!,17-Apr-12,,,,2015,2020,,,
1109,Arnab J Baruah,,9707912327,0,ajbaruah@bcplindia.co.in,,,F & A,#REF!,23-Aug-11,,,,2016,2020,,,
1113,Debajyoti Das,B+,8811047616,C-6/12,debajyoti@bcplindia.co.in,11/18/1986,,C & P,#REF!,23-Aug-11,,,,2016,2020,,,
1117,Biju Basumatary,A+,8876992725,0,bbasumatary@bcplindia.co.in,10/27/1987,,Mechanical,#REF!,23-Aug-11,,,,2016,2020,,,
1123,Pallab Jyoti Phukon,O+,9957004417,C-5/11,pjphukan@bcplindia.co.in,2/28/1988,,Electrical,#REF!,23-Aug-11,,,,2016,2020,,,
1124,Arindam Bordoloi,AB+,9854025596,0,abordoloi@bcplindia.co.in,4/11/1988,,Mechanical,#REF!,23-Aug-11,,,,2016,2020,,,
1125,Piklu Roy,O+,9854012427,C-7/11,pikluroy@bcplindia.co.in,4/14/1988,,Electrical,#REF!,23-Aug-11,,,,2016,2020,,,
1132,Krishanku Goswami,O+,8811035920,B-6/1,kgoswami@bcplindia.co.in,10/2/1988,,Instrumentation,#REF!,1-Nov-11,,,,2016,2020,,,
1135,Biraj Talukdar,A+,9577605912,B-2/4,biraj@bcplindia.co.in,12/21/1988,,Electrical,#REF!,1-Nov-11,,,,2016,2020,,,
1146,Antorika Burhagohain,O+,9435564468,0,antorika@bcplindia.co.in,11/15/1986,,HR,#REF!,1-Nov-11,,,,2016,2020,,,
1186,Mukut Thakuria,A+,7896006675,C-2/3,mukut.thakuria@bcplindia.co.in,3/1/1983,,Instrumentation,#REF!,29-Jul-12,,,,2016,2020,,,
1188,Manoj Sonowal,O+,9957138509,C-6/11,manoj.sonowal@bcplindia.co.in,1/20/1982,,Telecom,#REF!,27-Aug-12,,,,2016,2020,,,
1204,Prakritij Hazarika,O+,8473867940,0,prakritij.hazarika@bcplindia.co.in,1/13/1985,,Mechanical,#REF!,24-Apr-13,,,,2016,2020,,,
1441,Aie Cheng King Chowlu,B+,9435599661,0,aieck.chowlu@bcplindia.co.in,5/8/1983,Lakwa,Chemical,#REF!,13-Nov-14,,,,,2020,,,
1593,Anindya Ranjan Sahoo,B+,7086045824,0,anindyar.sahoo@bcplindia.co.in,7/23/1987,,Mechanical,#REF!,10-Aug-15,,,,,2020,,,
1614,Ramesh Gupta,AB+,7086049125,C-3/11,ramesh.gupta@bcplindia.co.in,11/10/1984,,Mechanical,#REF!,10-Sep-15,,,,,2020,,,
1054,Labhita Das,AB+,7086043603,0,labhitadas@bcplindia.co.in,1/9/1987,,PR,#REF!,12-Jul-10,,,,2016,2021,,,
1072,Arshad Ayub Ali Ahmed,B+,9864494049,B-1/11,arshad@bcplindia.co.in,1/13/1988,PPU,Chemical,#REF!,6-Sep-10,,,,2016,2021,,,
1108,Chandan Dowari,O+,9854025568,B-2/2,cdowari@bcplindia.co.in,3/1/1986,,Mechanical,#REF!,23-Aug-11,,,,2016,2021,,,
1121,Tinashree Kashyap,O+,8011000471,B-5/12,tkashyap@bcplindia.co.in,1/14/1988,,HR,#REF!,23-Aug-11,,,,2016,2021,,,
1126,Hrishikesh Gupta,O+,9577265600,B-6/3,hgupta@bcplindia.co.in,5/6/1988,LLDPE,Chemical,#REF!,23-Aug-11,,,,2016,2021,,,
1130,Bijan Kumar Deka,O+,9864638795,B-2/8,bkdeka@bcplindia.co.in,8/21/1988,,Instrumentation,#REF!,1-Nov-11,,,,2016,2021,,,
1133,Dipankar Chakraborty,O+,9854025569,0,dchakraborty@bcplindia.co.in,12/1/1988,,Electrical,#REF!,1-Nov-11,,,,2016,2021,,,
1138,Manash Jyoti Buragohain,O+,7637010557,0,mjburagohain@bcplindia.co.in,2/16/1989,,Instrumentation,#REF!,1-Nov-11,,,,2016,2021,,,
1140,Shounak Chakraborty,O+,9435719702,B-3/5,schakraborty@bcplindia.co.in,7/10/1989,,Mechanical,#REF!,1-Nov-11,,,,2016,2021,,,
1163,Bichitra Ranjan Panda,O+,9435566890,0,brpanda@bcplindia.co.in,5/19/1985,,F & A,#REF!,17-Apr-12,,,,2016,2021,,,
1167,Sankara Rao Motukuri,B+,7086029290,B-3/10,sankara.motukuri@bcplindia.co.in,6/24/1983,ECU,Chemical,#REF!,17-Apr-12,,,,2016,2021,,,
1173,Riju Sarmah,A+,9435492948,B-5/6,riju.sarmah@bcplindia.co.in,4/19/1986,,Civil,#REF!,2-Jul-12,,,,2016,2021,,,
1176,Munmee Pathak,O+,9864111738,C,munmee.pathak@bcplindia.co.in,5/12/1981,,Electrical,#REF!,2-Jul-12,,,,2016,2021,,,
1181,Ram Prakash Pal,A+,8473817601,0,ramprakash.pal@bcplindia.co.in,5/1/1980,,Instrumentation,#REF!,10-Jul-12,,,,2016,2021,,,
1193,Manosh Jyoti Borah,A+,9435384778,B-2/7,manosh.borah@bcplindia.co.in,12/4/1983,,C & P,#REF!,28-Sep-12,,,,2016,2021,,,
1116,Deepjyoti Sarma,O+,9854025606,0,dsarma@bcplindia.co.in,5/24/1987,ECU,Chemical,#REF!,23-Aug-11,,,,2017,2021,,,
1202,Abhishek Sharma,B+,7896010976,0,abhishek.sharma@bcplindia.co.in,7/16/1982,,Electrical,#REF!,24-Apr-13,,,,2017,2021,,,
1245,Dibyajyoti Saikia,AB+,9435476747,B-3/3,dibyajyoti.saikia@bcplindia.co.in,6/15/1980,IOPS,Chemical,#REF!,4-Jun-13,,,,,2021,,,
1587,Shams Tabrez Siddiqui,AB+,7086044624,B-1/2,shamst.siddiqui@bcplindia.co.in,4/3/1987,,Mechanical,#REF!,3-Aug-15,,,,,2021,,,
1590,Kishor Majumdar,O+,9435529271,B-2/1,kishor.majumdar@bcplindia.co.in,12/13/1982,GSU,Chemical,#REF!,3-Aug-15,,,,,2021,,,
1595,Nirankush Kumar,O+,8085887744,B-1/6,nirankush.kumar@bcplindia.co.in,2/2/1986,,Mechanical,#REF!,10-Aug-15,,,,,2021,,,
1597,Swastik Mohanty,AB+,7086045823,0,swastik.mohanty@bcplindia.co.in,,,Marketing,#REF!,13-Aug-15,,,,,2021,,,
1598,Pratik Sarkar,O+,7086045826,0,pratik.sarkar@bcplindia.co.in,4/26/1987,,Mechanical,#REF!,13-Aug-15,,,,,2021,,,
1601,Shivaji Dahiya,A-,9956584409,0,shivaji.dahiya@bcplindia.co.in,6/30/1985,,Mechanical,#REF!,13-Aug-15,,,,,2021,,,
1611,Rajesh Rudra Paul,O+,8890963138,B-5/8,rajeshr.paul@bcplindia.co.in,9/3/1987,,Mechanical,#REF!,29-Aug-15,,,,,2021,,,
1617,Pranjal Saikia,AB+,7086062477,0,pranjal.saikia@bcplindia.co.in,3/18/1976,,Instrumentation,#REF!,14-Jan-16,,,,,2021,,,
1106,Shiv Kumar Sureka,O+,9435563529,B-4/2,shiv@bcplindia.co.in,10/20/1985,,F & A,#REF!,23-Aug-11,,,,2016,2022,,,
1111,Priyankita Jayanta Baruah,A+,8811074031,0,priyankitaj.baruah@bcplindia.co.in,11/7/1986,,HR,#REF!,23-Aug-11,,,,2016,2022,,,
1112,Krishna Rani Gogoi,B+,9854025538,B-2/3,krgogoi@bcplindia.co.in,11/10/1986,,Mechanical,#REF!,23-Aug-11,,,,2016,2022,,,
1114,Satya Prakash Sahu,B+,9854012460,B-4/1,spsahu@bcplindia.co.in,11/20/1986,,Mechanical,#REF!,23-Aug-11,,,,2016,2022,,,
1115,Marshal Kumar Singh,O+,9854012467,B-1/4,marshal@bcplindia.co.in,3/11/1987,,Telecom,#REF!,23-Aug-11,,,,2016,2022,,,
1118,Sunil Kumar Tiwari,O-,9854012459,B-4/3,sktiwari@bcplindia.co.in,10/29/1987,,F & A,#REF!,23-Aug-11,,,,2016,2022,,,
1128,Tribeni Deka,O+,8011002036,0,tdeka@bcplindia.co.in,8/18/1988,GSU,Chemical,#REF!,23-Aug-11,,,,2016,2022,,,
1129,Milan Jyoti Kaushik,O+,8876620479,0,mjkaushik@bcplindia.co.in,8/19/1988,,Mechanical,#REF!,1-Nov-11,,,,2016,2022,,,
1131,Naman Nitant,A-,6901260386,B-6/2,nnitant@bcplindia.co.in,9/30/1988,,Electrical,#REF!,1-Nov-11,,,,2016,2022,,,
1139,Sneha Bharali,AB+,9854025567,B-4/7,sbharali@bcplindia.co.in,2/19/1989,,Instrumentation,#REF!,1-Nov-11,,,,2016,2022,,,
1180,Shiv Kumar Yadav,B+,9435025913,B-6/4,shiv.yadav@bcplindia.co.in,12/31/1982,,Instrumentation,#REF!,10-Jul-12,,,,2016,2022,,,
1198,Soumashri Bag,B+,7896007906,B-4/8,soumashri.bag@bcplindia.co.in,12/26/1982,,Electrical,#REF!,28-Sep-12,,,,2016,2022,,,
1207,Bhaskar Jyoti Barman,O+,9954195756,Town,bhaskar.barman@bcplindia.co.in,6/12/1982,,C & P,#REF!,24-Apr-13,,,,2016,2022,,,
1189,Bedabrata Borah,B+,7896009720,0,bedabrata.borah@bcplindia.co.in,6/25/1990,Lakwa,Chemical,#REF!,27-Aug-12,,,,2017,2022,,,
1190,Sandip Kumar Barman,B+,7896009701,Town,sandip.barman@bcplindia.co.in,6/25/1989,PPU,Chemical,#REF!,27-Aug-12,,,,2017,2022,,,
1214,Kunal,,9706070497,B-4/4,kunal@bcplindia.co.in,5/15/1985,,Fire & Safety,#REF!,24-Apr-13,,,,2017,2022,,,
1221,Bitupan Baruah,B+,8811092246,B-5/7,bitupan.baruah@bcplindia.co.in,7/1/1986,,Mechanical,#REF!,24-Apr-13,,,,2017,2022,,,
1226,Sanna Agarwal,B+,9854035965,B-1/8,sanna.agarwal@bcplindia.co.in,4/7/1987,,IT,#REF!,24-Apr-13,,,,2017,2022,,,
1229,Prashant Vijayvargiya,B+,8811025779,B-5/1,prashant.vijayvargiya@bcplindia.co.in,7/18/1987,,Fire & Safety,#REF!,24-Apr-13,,,,2017,2022,,,
1286,Rampally Balaveera Shashank,O+,8811092990,B-2/12,rb.shashank@bcplindia.co.in,3/24/1988,PPU,Chemical,#REF!,5-Jul-13,,,,2018,2022,,,
1291,Kamakhya Prasad Mahato,O+,8811092167,0,kamakhyap.mahato@bcplindia.co.in,10/1/1987,Lakwa,Chemical,#REF!,9-Jul-13,,,,2018,2022,,,
1304,Ajoy Kumar Dash,O+,8811096457,B-2/6,ajoy.dash@bcplindia.co.in,4/2/1986,ECU,Chemical,#REF!,7-Aug-13,,,,2018,2022,,,
1305,Sumit Chakraborty,A+,8811098901,B-5/3,sumit.chakraborty@bcplindia.co.in,12/15/1986,ECU,Chemical,#REF!,12-Aug-13,,,,2018,2022,,,
1596,Pankaj Sonowal,O+,9435749801,0,pankaj.sonowal@bcplindia.co.in,3/1/1981,,Mechanical,#REF!,10-Aug-15,,,,,2022,,,
1691,Jagtendra Nath Bagh,B+,7389621846,0,jagtendran.bagh@bcplindia.co.in,5/29/1984,GSU,Chemical,#REF!,13-Apr-17,,,,,2022,,,
1697,Anandi Lal Bansiwal,B+,7637050223,B-1/12,al.bansiwal@bcplindia.co.in,10/5/1980,ECU,Chemical,#REF!,13-Apr-17,,,,,2022,,,
1122,Namrata Hazarika,B+,8811090469,0,nhazarika@bcplindia.co.in,2/13/1988,,Instrumentation,#REF!,23-Aug-11,,,,2016,2023,,,
1137,Pompy Paul,AB+,9435719701,0,ppaul@bcplindia.co.in,9/30/1988,,Electrical,#REF!,1-Nov-11,,,,2016,2023,,,
1107,Dashari Dhanraj,B+,9707458298,B-5/4,ddhanraj@bcplindia.co.in,1/21/1984,,Electrical,#REF!,23-Aug-11,,,,2017,2023,,,
1227,Md. Nurullah Khan,A+,8811021902,0,nurullah.khan@bcplindia.co.in,12/15/1985,,Fire & Safety,#REF!,24-Apr-13,,,,2017,2023,,,
1231,Ritesh Raunak,O+,9678642100,B-3/4,ritesh.raunak@bcplindia.co.in,3/4/1984,,Fire & Safety,#REF!,23-May-13,,,,2017,2023,,,
1252,Rafwth Gwra Brahma,O+,9401883241,0,rafwthg.brahma@bcplindia.co.in,12/26/1985,ECU,Chemical,#REF!,7-Jun-13,,,,2018,2023,,,
1254,Khwairakpam Rambo,A+,8811097675,0,khwairakpam.rambo@bcplindia.co.in,9/10/1988,LLDPE,Chemical,#REF!,19-Jun-13,,,,2018,2023,,,
1255,Navajyoti Rabha,AB+,9706065183,0,navajyoti.rabha@bcplindia.co.in,2/2/1987,,Mechanical,#REF!,19-Jun-13,,,,2018,2023,,,
1260,Bhargab Bordoloi,B+,8811098111,0,bhargab.bordoloi@bcplindia.co.in,1/1/1985,GSU,Chemical,#REF!,24-Jun-13,,,,2018,2023,,,
1262,Kumar Amitabh,AB+,8811018531,B-3/2,kumar.amitabh@bcplindia.co.in,6/26/1983,,Mechanical,#REF!,24-Jun-13,,,,2018,2023,,,
1264,Kumarjeet Chakarborty,A+,8811018820,B-6/5,k.chakraborty@bcplindia.co.in,1/14/1988,,Mechanical,#REF!,24-Jun-13,,,,2018,2023,,,
1267,Ammaiappan J,B+,8811018849,B-4/5,ammaiappan.j@bcplindia.co.in,3/2/1989,LLDPE,Chemical,#REF!,24-Jun-13,,,,2018,2023,,,
1268,Jyotish Nath,O+,8811092169,0,jyotish.nath@bcplindia.co.in,1/22/1982,IOPS,Chemical,#REF!,24-Jun-13,,,,2018,2023,,,
1272,Dibyajyoti Deka,O+,7896595391,0,dibyajyoti.deka@bcplindia.co.in,3/30/1987,,Mechanical,#REF!,5-Jul-13,,,,2018,2023,,,
1273,Vikram Mani Kumar,A+,8811025935,0,vikramm.kumar@bcplindia.co.in,12/10/1987,Lakwa,Chemical,#REF!,5-Jul-13,,,,2018,2023,,,
1274,Ashifur Rahman,O+,9957592197,B-3/7,ashifur.rahman@bcplindia.co.in,1/23/1984,,Mechanical,#REF!,5-Jul-13,,,,2018,2023,,,
1289,Ranjan Bikash Sarmah,O+,8811019174,0,ranjanb.sarmah@bcplindia.co.in,8/30/1987,IOPS,Chemical,#REF!,5-Jul-13,,,,2018,2023,,,
1292,Debajit Das,O+,8811092321,Town,debajit.das@bcplindia.co.in,8/13/1987,PPU,Chemical,#REF!,9-Jul-13,,,,2018,2023,,,
1295,Shashikant Katare,O+,8811092685,B-3/11,shashikant.katare@bcplindia.co.in,4/25/1981,,Laboratory,#REF!,7-Aug-13,,,,2018,2023,,,
1297,Pramod Singh Kushwaha,AB+,8811092851,0,pramods.kushwaha@bcplindia.co.in,11/20/1982,GDU,Chemical,#REF!,7-Aug-13,,,,2018,2023,,,
1306,Surya Kumar Shukla,B+,7086048323,B-1/7,surya.shukla@bcplindia.co.in,10/23/1988,ECU,Chemical,#REF!,12-Aug-13,,,,2018,2023,,,
1314,Manash Pratim Baruah,O+,8811087251,B-6/7,manashp.baruah@bcplindia.co.in,3/28/1989,IOPS,Chemical,#REF!,12-Sep-13,,,,2018,2023,,,
1315,Partha Pramanik,A+,8811091560,Town,partha.pramanik@bcplindia.co.in,4/9/1987,GSU,Chemical,#REF!,12-Sep-13,,,,2018,2023,,,
1259,Debajit Talukdar,O+,9864408875,0,debajit.talukdar@bcplindia.co.in,5/1/1981,GDU,Chemical,#REF!,24-Jun-13,,,,2019,2023,,,
1266,Nagarajesh Yakamuri,B+,8811074154,B-5/2,nagarajesh.yakamuri@bcplindia.co.in,2/12/1987,LLDPE,Chemical,#REF!,24-Jun-13,,,,2019,2023,,,
1293,Rhitam Roy Mondal,O+,8811080454,Town,rhitamr.mondal@bcplindia.co.in,2/14/1988,LLDPE,Chemical,#REF!,9-Jul-13,,,,2019,2023,,,
1397,Pushpendra Pratap Singh,B+,8822568094,B-5/11,pushpendrap.singh@bcplindia.co.in,10/21/1982,IOPS,Chemical,#REF!,29-Oct-14,,,,2019,2023,,,
1408,Dipti Kumar Saikia,O+,8811095016,B-6/6,diptik.saikia@bcplindia.co.in,8/5/1984,,Laboratory,#REF!,29-Oct-14,,,,2019,2023,,,
1438,Apurba Borah,O+,7086007913,0,apurba.borah@bcplindia.co.in,7/8/1988,,Mechanical,#REF!,29-Oct-14,,,,2019,2023,,,
1444,Joydeep Deb,O+,7086011516,Town,joydeep.deb@bcplindia.co.in,12/28/1981,IOPS,Chemical,#REF!,13-Nov-14,,,,2019,2023,,,
1447,Satadru Ghose,A+,7086009240,Town,satadru.ghose@bcplindia.co.in,2/23/1987,PPU,Chemical,#REF!,13-Nov-14,,,,2019,2023,,,
1472,Pranjal Pratim Deori,AB+,7086015074,0,pranjalp.deori@bcplindia.co.in,12/31/1989,ECU,Chemical,#REF!,2-Feb-15,,,,2019,2023,,,
1478,Ghanshyam Singh,B+,7086015097,0,ghanshyam.singh@bcplindia.co.in,9/5/1992,Lakwa,Chemical,#REF!,29-Apr-15,,,,2019,2023,,,
1145,Ginsuanpau Tunglut,A+,9859565715,Town,gtunglut@bcplindia.co.in,10/13/1986,,HR,#REF!,1-Nov-11,,,,2016,2024,,,
1235,Manish Kumar,B+,8811021774,B-3/6,manish.kumar@bcplindia.co.in,12/12/1989,,Fire & Safety,#REF!,23-May-13,,,,2018,2024,,,
1263,Deep Shankar Gogoi,O+,8811018875,B-2/10,deepshankar.gogoi@bcplindia.co.in,12/8/1989,,Mechanical,#REF!,24-Jun-13,,,,2018,2024,,,
1248,Uday Krishna Phukan,B+,8811090107,B-3/9,udayk.phukan@bcplindia.co.in,3/6/1987,,Mechanical,#REF!,4-Jun-13,,,,2019,2024,,,
1249,Supriya Saha,AB+,8811025650,B-4/9,supriya.saha@bcplindia.co.in,11/2/1985,IOPS,Chemical,#REF!,5-Jun-13,,,,2019,2024,,,
1251,Amit Das,A+,9401946548,0,amit.das@bcplindia.co.in,11/10/1984,GSU,Chemical,#REF!,7-Jun-13,,,,2019,2024,,,
1269,Santanu Biswas,B+,8811018847,B-4/11,santanu.biswas@bcplindia.co.in,6/20/1987,PPU,Chemical,#REF!,24-Jun-13,,,,2019,2024,,,
1279,Nawendu Singh,B+,8811098399,Town,nawendu.singh@bcplindia.co.in,3/11/1986,IOPS,Chemical,#REF!,5-Jul-13,,,,2019,2024,,,
1290,Bikramjit Bardhan,B+,8811092166,Town,bikramjit.bardhan@bcplindia.co.in,12/11/1987,ECU,Chemical,#REF!,5-Jul-13,,,,2019,2024,,,
1303,Jamini Mohan Chiring,AB+,9435747747,0,jaminim.chiring@bcplindia.co.in,9/21/1985,Lakwa,Chemical,#REF!,7-Aug-13,,,,2019,2024,,,
1312,Nitesh Srivastava,B-,8811092906,B-6/8,nitesh.srivastava@bcplindia.co.in,5/10/1988,GSU,Chemical,#REF!,3-Sep-13,,,,2019,2024,,,
1436,Jyotish Mazumdar,B+,7086092603,0,jyotish.mazumdar@bcplindia.co.in,7/1/1984,,Mechanical,#REF!,29-Oct-14,,,,2019,2024,,,
1437,Priyamrit Bora,B+,9435716151,0,priyamrit.bora@bcplindia.co.in,5/31/1986,,Mechanical,#REF!,29-Oct-14,,,,2019,2024,,,
1439,Durgesh Kumar,O+,7086008201,0,durgesh.kumar@bcplindia.co.in,1/18/1985,ECU,Chemical,#REF!,29-Oct-14,,,,2019,2024,,,
1440,Rana Pratap Singh,O+,7637004620,0,ranap.singh@bcplindia.co.in,10/15/1987,ECU,Chemical,#REF!,29-Oct-14,,,,2019,2024,,,
1453,Mohit Kumar Rajput,O+,7086013050,0,mohit.rajput@bcplindia.co.in,7/30/1985,,Laboratory,#REF!,22-Jan-15,,,,2019,2024,,,
1456,Abdur Rahim Al Azad,B+,7086009843,B-6/10,abdur.azad@bcplindia.co.in,8/4/1989,,Mechanical,#REF!,22-Jan-15,,,,2019,2024,,,
1457,Anirban Saikia,B+,8486040878,Town,anirban.saikia@bcplindia.co.in,11/24/1988,LLDPE,Chemical,#REF!,22-Jan-15,,,,2019,2024,,,
1459,Sunil Kumar,A+,7086013664,B-2/5,sunil.kumar@bcplindia.co.in,8/17/1986,ECU,Chemical,#REF!,22-Jan-15,,,,2019,2024,,,
1461,Arka Dutta,O+,7086013656,Town,arka.dutta@bcplindia.co.in,1/7/1991,PPU,Chemical,#REF!,22-Jan-15,,,,2019,2024,,,
1463,Kanad Adhikari,B+,9435477000,0,kanad.adhikari@bcplindia.co.in,3/26/1986,Lakwa,Chemical,#REF!,2-Feb-15,,,,2019,2024,,,
1465,Shashank Tiwari,B+,7086043484,0,shashank.tiwari@bcplindia.co.in,1/30/1991,,Mechanical,#REF!,2-Feb-15,,,,2019,2024,,,
1466,Angshuman Dev Sarma,O-,7086013630,B-5/9,angshumand.sarma@bcplindia.co.in,11/2/1990,,Mechanical,#REF!,2-Feb-15,,,,2019,2024,,,
1470,P Ravivarma,B+,7086015131,B-1/5,p.ravivarma@bcplindia.co.in,6/4/1987,LLDPE,Chemical,#REF!,2-Feb-15,,,,2019,2024,,,
1471,Prasenjit Gogoi,O-,7086015126,0,prasenjit.gogoi@bcplindia.co.in,9/3/1989,Logistics,Chemical,#REF!,2-Feb-15,,,,2019,2024,,,
1554,Ajay Talukdar,O+,9678085490,B-3/1,ajay.talukdar@bcplindia.co.in,11/11/1987,,Instrumentation,#REF!,29-Jul-15,,,,2020,2024,,,
1608,Akhilesh Kumar Singh,B+,7086045978,Town,akhileshk.singh@bcplindia.co.in,1/5/1992,IOPS,Chemical,#REF!,18-Aug-15,,,,2020,2024,,,
1646,Jahnab Jibon Choudhury,B+,8011795147,0,jahnabj.choudhury@bcplindia.co.in,3/22/1990,,Mechanical,#REF!,12-Feb-16,,,,2020,2024,,,
1648,Himadri Sharma,O+,7086096350,0,himadri.sharma@bcplindia.co.in,1/8/1990,,Marketing,#REF!,7-Mar-16,,,,2020,2024,,,
1241,Kunwar Devendra Swaroop,B+,8811018567,Town,kdevendra.swaroop@bcplindia.co.in,8/3/1982,PPU,Chemical,#REF!,28-May-13,,,,2019,2025,,,
1270,Aditya Kishore Manepalli,B+,8811018853,B-1/9,adityak.manepalli@bcplindia.co.in,7/22/1985,ECU,Chemical,#REF!,25-Jun-13,,,,2019,2025,,,
1283,Bikash Jyoti Pathak,A+,7086018167,Town,bikashj.pathak@bcplindia.co.in,8/6/1988,Logistics,Chemical,#REF!,5-Jul-13,,,,2019,2025,,,
1307,Pradeep Kumar Swansi,O+,8811098830,B-4/10,pradeepk.swansi@bcplindia.co.in,1/16/1986,IOPS,Chemical,#REF!,19-Aug-13,,,,2019,2025,,,
1308,Tulasi Prasad Biswal,O+,8811096204,B-1/3,tulsip.biswal@bcplindia.co.in,7/30/1987,GSU,Chemical,#REF!,19-Aug-13,,,,2019,2025,,,
1446,Amit Kumar Choudhary,B+,7086008830,B-4/6,amitk.choudhary@bcplindia.co.in,8/14/1986,,Electrical,#REF!,13-Nov-14,,,,2019,2025,,,
1460,Nishikant Ranjan,O-,7086013522,B-2/11,nishikant.ranjan@bcplindia.co.in,2/27/1990,ECU,Chemical,#REF!,22-Jan-15,,,,2019,2025,,,
1394,Bulan Bailung Boruah,O+,9954944838,0,bulanb.boruah@bcplindia.co.in,4/27/1982,,Laboratory,#REF!,29-Oct-14,,,,2020,2025,,,
1402,Abhendu Das,B-,8811097757,Town,abhendu.das@bcplindia.co.in,8/14/1983,,HR,#REF!,29-Oct-14,,,,2020,2025,,,
1454,Jadu Buragohain,A+,8811993565,Town,jadu.buragohain@bcplindia.co.in,12/12/1989,,Mechanical,#REF!,22-Jan-15,,,,2020,2025,,,
1455,Abhilekh Baruah,B+,8486156764,Town,abhilekh.baruah@bcplindia.co.in,3/15/1990,,Mechanical,#REF!,22-Jan-15,,,,2020,2025,,,
1473,Jugasmita Talukdar,O+,7086014975,B-5/10,jugasmita.talukdar@bcplindia.co.in,3/18/1990,,Mechanical,#REF!,29-Apr-15,,,,2020,2025,,,
1475,Sachin Paradkar,O+,7086015232,Town,sachin.paradkar@bcplindia.co.in,3/16/1991,LLDPE,Chemical,#REF!,29-Apr-15,,,,2020,2025,,,
1477,Rohit Raman,O+,7086009680,0,rohit.raman@bcplindia.co.in,3/1/1992,Lakwa,Chemical,#REF!,29-Apr-15,,,,2020,2025,,,
1503,Anirban Bhattacharjee,A+,7086018946,0,anirban.bhattacharjee@bcplindia.co.in,12/30/1986,GSU,Chemical,#REF!,29-Jul-15,,,,2020,2025,,,
1575,Sashikanta Sahoo,B+,7086019675,B-5/5,sashikanta.sahoo@bcplindia.co.in,7/11/1989,,Instrumentation,#REF!,29-Jul-15,,,,2020,2025,,,
1606,Arindam Baruah,O-,7086046450,0,arindam.baruah@bcplindia.co.in,11/3/1990,IOPS,Chemical,#REF!,18-Aug-15,,,,2020,2025,,,
1642,Bitupon Hazarika,O+,9706518093,B-4/12,bitupon.hazarika@bcplindia.co.in,10/30/1989,,Mechanical,#REF!,14-Jan-16,,,,2020,2025,,,
1652,Abhishek Singh,B+,7086094614,B-6/9,abhishek.singh@bcplindia.co.in,10/12/1986,LLDPE,Chemical,#REF!,3-Jun-16,,,,2020,2025,,,
1613,Siddharth Baburao Kharat,O+,7086046824,B-1/10,siddharth.kharat@bcplindia.co.in,9/15/1984,LLDPE,Chemical,#REF!,10-Sep-15,,,,,2025,,,
1043,Dipanka Barkakati,O+,9864116832,0,dbarkakati@bcplindia.co.in,1/1/1975,,C & P,#REF!,14-Jun-10,,,,2019,2026,,,
1488,Pulit Sharma,O+,7086017614,B-3/12,pulit.sharma@bcplindia.co.in,9/16/1991,LLDPE,Chemical,#REF!,29-Apr-15,,,,2020,2026,,,
1615,Kamal Hira Das,A+,9577265449,B-1/1,kamalh.das@bcplindia.co.in,4/30/1986,PPU,Chemical,#REF!,10-Sep-15,,,,2020,2026,,,
1644,Bhaskar Jyoti Payeng,B+,8721839566,0,bhaskarj.payeng@bcplindia.co.in,10/4/1988,,Mechanical,#REF!,12-Feb-16,,,,2020,2026,,,
1449,Jithin Prakash KJ,O+,7086009424,B-2/9,jithinp.kj@bcplindia.co.in,11/13/1984,PTD,Chemical,#REF!,22-Jan-15,,,,2021,2026,,,
1602,Vijay Kumar Koratiya,A+,7086045975,B-6/11,vijayk.koratiya@bcplindia.co.in,5/30/1984,PPU,Chemical,#REF!,13-Aug-15,,,,2021,2026,,,
1665,Jitendra Singh,A+,7379008787,0,jitendra.singh@bcplindia.co.in,7/5/1990,Projects,Chemical,#REF!,16-Aug-16,,,,2021,2026,,,
1666,Bednidhi Sharma,A+,9957241253,0,bednidhi.sharma@bcplindia.co.in,1/30/1989,GSU,Chemical,#REF!,23-Aug-16,,,,2021,2026,,,
1667,Poresh Rajak,O+,7086026781,0,poresh.rajak@bcplindia.co.in,11/17/1984,,F & A,#REF!,5-Sep-16,,,,2021,2026,,,
1670,Anuj Jaiswal,B+,7081907573,0,anuj.jaiswal@bcplindia.co.in,7/15/1992,ECU,Chemical,#REF!,5-Sep-16,,,,2021,2026,,,
1690,Murali Babu Nidumukkala,A+,9949955458,0,muralibabu.n@bcplindia.co.in,5/21/1982,,Laboratory,#REF!,13-Apr-17,,,,2021,2026,,,
1693,Shubham Srivastava,AB+,8496867259,Town,shubham.srivastava@bcplindia.co.in,2/26/1992,,Instrumentation,#REF!,13-Apr-17,,,,2021,2026,,,
1698,Santanu Hazarika,O+,8811854322,0,santanu.hazarika@bcplindia.co.in,1/19/1991,IOPS,Chemical,E3 - M,6-May-17,,,,,,,,
1301,Madhurjya Pratim Saikia,B+,8811098397,Town,madhurjyap.saikia@bcplindia.co.in,11/27/1984,IOPS,Chemical,#REF!,7-Aug-13,,,,2018,,,,
1572,Vadlapati Suresh Babu,B+,7086046271,0,v.sureshbabu@bcplindia.co.in,8/19/1989,,Instrumentation,#REF!,29-Jul-15,,,,2021,,,,
1643,Dib Jyoti Saikia,B+,7086042591,0,dibjyoti.saikia@bcplindia.co.in,3/14/1990,,Mechanical,#REF!,12-Feb-16,,,,2021,,,,
1692,Mandar Mukund Gangatirkar,A+,9595932692,0,mm.gangatirkar@bcplindia.co.in,12/29/1992,,Instrumentation,#REF!,13-Apr-17,,,,2021,,,,
1688,Bijit Goyary,A+,6001306983,0,bijit.goyary@bcplindia.co.in,7/24/1985,,Instrumentation,#REF!,13-Apr-17,,,,2022,,,,
1694,Prashant Jharkhariya,B+,9669695997,Town,p.jharkhariya@bcplindia.co.in,12/16/1985,,Laboratory,#REF!,13-Apr-17,,,,2022,,,,
1701,Anil Kurmi,O+,8876635092,0,anil.kurmi@bcplindia.co.in,1/1/1985,IOPS,Chemical,#REF!,6-May-17,,,,2022,,,,
1704,Satish Kumar,B+,7637014230,0,satish.kumar@bcplindia.co.in,12/8/1989,ECU,Chemical,#REF!,6-May-17,,,,2022,,,,
1705,Ashish Kumar Sharma,B+,7637026521,0,ashishk.sharma@bcplindia.co.in,9/4/1990,GSU,Chemical,#REF!,15-May-17,,,,2022,,,,
1706,Isbahuddin Mohd Ashhar,O+,7055257191,0,im.ashhar@bcplindia.co.in,11/29/1989,ECU,Chemical,#REF!,15-May-17,,,,2022,,,,
1707,Nabarun Mahanti,B+,7407119300,0,nabarun.mahanti@bcplindia.co.in,4/15/1990,ECU,Chemical,#REF!,15-May-17,,,,2022,,,,
1713,Pradyut Kumar,B+,9099271837,0,pradyut.kumar@bcplindia.co.in,4/26/1991,GDU,Chemical,#REF!,7-Jul-17,,,,2022,,,,
1714,Bitan Chowdhury,B+,9051121028,0,bitan.chowdhury@bcplindia.co.in,12/17/1990,Lakwa,Chemical,#REF!,7-Jul-17,,,,2022,,,,
1716,Karuppiah Manickam,B+,9445362273,0,karuppiah.m@bcplindia.co.in,10/13/1990,ECU,Chemical,#REF!,7-Jul-17,,,,2022,,,,
1740,Manash Pratim Gogoi,A+,7002744564,0,manashp.gogoi@bcplindia.co.in,12/1/1988,,C & P,#REF!,8-Aug-18,,,,2022,,,,
1711,Prinshoo Singh,O-,7637026542,0,prinshoo.singh@bcplindia.co.in,2/5/1991,GDU,Chemical,#REF!,7-Jul-17,,,,2023,,,,
1718,Sarim Terang,A+,7399135760,0,sarim.terang@bcplindia.co.in,10/19/1993,,Electrical,#REF!,29-Aug-17,,,,2023,,,,
1719,Nayan Jyoti Borah,A-,8473953655,0,nayanj.borah@bcplindia.co.in,2/1/1994,,Electrical,#REF!,29-Aug-17,,,,2023,,,,
1720,Samiran Paul,B-,9774801718,0,samiran.paul@bcplindia.co.in,2/6/1994,LLDPE,Chemical,#REF!,29-Aug-17,,,,2023,,,,
1723,Palash Das,B+,9612197278,Hostel-A/301,palash.das@bcplindia.co.in,4/25/1994,PPU,Chemical,#REF!,29-Aug-17,,,,2023,,,,
1724,Ruman Das,A+,8794493671,0,ruman.das@bcplindia.co.in,6/9/1994,ECU,Chemical,#REF!,29-Aug-17,,,,2023,,,,
1725,Abhilash Bhattacharyya,O+,8876096169,0,abhilash.b@bcplindia.co.in,10/3/1994,,Instrumentation,#REF!,8-Sep-17,,,,2023,,,,
1726,Anish Jana,O+,8414981406,0,anish.jana@bcplindia.co.in,1/26/1996,,Electrical,#REF!,8-Sep-17,,,,2023,,,,
1730,Nihal Gupta,O+,8486372014,Town,nihal.gupta@bcplindia.co.in,11/11/1993,PPU,Chemical,#REF!,8-Sep-17,,,,2023,,,,
1731,Dip Jyoti Choudhury,B+,8638226478,0,dipjyoti.choudhury@bcplindia.co.in,3/15/1994,IOPS,Chemical,#REF!,8-Sep-17,,,,2023,,,,
1734,Bishal Kashyap,B+,7086589114,0,bishal.kashyap@bcplindia.co.in,12/1/1994,ECU,Chemical,#REF!,8-Sep-17,,,,2023,,,,
1736,Ayush Kayal,A+,9706193879,0,ayush.kayal@bcplindia.co.in,12/25/1994,GSU,Chemical,#REF!,8-Sep-18,,,,2023,,,,
1737,Dwipan Kakati,A+,7637027241,0,dwipan.kakati@bcplindia.co.in,1/7/1995,Lakwa,Chemical,#REF!,8-Sep-18,,,,2023,,,,
1738,Argha Deb,O+,6900111022,0,argha.deb@bcplindia.co.in,2/21/1995,Lakwa,Chemical,#REF!,8-Sep-18,,,,2023,,,,
1739,H. Prokash Singha,O+,9678901512,0,hprokash.singha@bcplindia.co.in,4/28/1995,GSU,Chemical,#REF!,8-Sep-18,,,,2023,,,,
1742,Debanjan Kumar Sharma,B+,6900180477,0,debanjank.sharma@bcplindia.co.in,10/6/1988,,Marketing,#REF!,8-Aug-18,,,,2023,,,,
1743,Dhrupad Rajkhowa,B-,8876025415,0,dhrupad.rajkhowa@bcplindia.co.in,4/2/1987,,C & P,#REF!,8-Aug-18,,,,2023,,,,
1744,Suman Kumar Deka,O+,6901275995,0,sumank.deka@bcplindia.co.in,8/11/1989,,Marketing,#REF!,8-Aug-18,,,,2023,,,,
1772,Manashjyoti Chowdhury,AB+,9577304117,0,manashj.chowdhury@bcplindia.co.in,11/11/1990,,HR,#REF!,2-Sep-19,,,,2023,,,,
1721,Suman Miah,B+,8132023549,0,suman.miah@bcplindia.co.in,2/12/1994,ECU,Chemical,#REF!,29-Aug-17,,,,2024,,,,
1722,Ritesh Kumar,B+,8413029925,0,ritesh.kumar@bcplindia.co.in,3/6/1994,,Electrical,#REF!,29-Aug-17,,,,2024,,,,
1729,Ankita Deb,O+,9706740856,0,ankita.deb@bcplindia.co.in,6/23/1993,,Electrical,#REF!,8-Sep-17,,,,2024,,,,
1733,Nitul Choudhury,A+,9678643608,0,nitul.choudhury@bcplindia.co.in,11/5/1994,LLDPE,Chemical,#REF!,8-Sep-17,,,,2024,,,,
1741,Amit Prasad,A+,9998812078,0,amit.prasad@bcplindia.co.in,9/29/1986,,C & P,#REF!,8-Aug-18,,,,2024,,,,
1746,Vishnu P,O+,9567033149,0,vishnu.p@bcplindia.co.in,4/25/1995,,Fire & Safety,#REF!,8-Aug-18,,,,2024,,,,
1747,Lokesh Rajput,A+,9630977589,0,lokesh.rajput@bcplindia.co.in,5/16/1996,,Fire & Safety,#REF!,8-Aug-18,,,,2024,,,,
1748,Ketan Sharma,O+,6900149703,0,ketan.sharma@bcplindia.co.in,6/12/1996,,Fire & Safety,#REF!,8-Aug-18,,,,2024,,,,
1749,Hitesh Yadav,B+,9752293359,0,hitesh.yadav@bcplindia.co.in,12/28/1996,,Fire & Safety,#REF!,8-Aug-18,,,,2024,,,,
1750,Yadukrishnan K.M,AB+,8156880243,0,yadukrishnan.km@bcplindia.co.in,2/24/1997,,Fire & Safety,#REF!,8-Aug-18,,,,2024,,,,
1751,Ruchita Mandre,B+,9074086747,0,ruchita.mandre@bcplindia.co.in,3/15/1997,,Fire & Safety,#REF!,8-Aug-18,,,,2024,,,,
1752,Surabhi Biswas,O+,8822417901,0,surabhi.biswas@bcplindia.co.in,6/2/1992,,HR,#REF!,8-Aug-18,,,,2024,,,,
1753,Priyanka Lohia,O+,9127132163,0,priyanka.lohia@bcplindia.co.in,3/9/1993,,F & A,#REF!,8-Aug-18,,,,2024,,,,
1754,A Beda Prakash Sharma,B+,8404056278,0,abedap.sharma@bcplindia.co.in,2/19/1994,,Mechanical,#REF!,8-Aug-18,,,,2024,,,,
1755,Krishnananda Sahu,B+,9401473512,0,krishnananda.sahu@bcplindia.co.in,12/13/1994,,Instrumentation,#REF!,8-Aug-18,,,,2024,,,,
1756,Vandana Dutta,B+,9678434866,0,vandana.dutta@bcplindia.co.in,3/8/1995,,F & A,#REF!,8-Aug-18,,,,2024,,,,
1759,Dheeraj Sharma,O+,9613910385,0,dheeraj.sharma@bcplindia.co.in,5/28/1995,,IT,#REF!,8-Aug-18,,,,2024,,,,
1762,Shubham Kumar,B+,8135038008,0,shubham.kumar@bcplindia.co.in,3/15/1997,,Electrical,#REF!,8-Aug-18,,,,2024,,,,
1767,Chiranjib Senapoti,AB+,8720974628,0,chiranjib.senapoti@bcplindia.co.in,11/15/1994,LLDPE,Chemical,#REF!,27-Aug-18,,,,2024,,,,
1768,Sampreeti Gogoi,B+,7086158489,Hostel-A/304,sampreeti.gogoi@bcplindia.co.in,1/1/1996,PPU,Chemical,#REF!,27-Aug-18,,,,2024,,,,
1769,Arun Kumar,A+,6901262897,Hostel-A/207,arun.kumar@bcplindia.co.in,9/6/1996,PPU,Chemical,#REF!,17-Sep-18,,,,2024,,,,
1770,Mayank Sharan,O+,8135037996,0,mayank.sharan@bcplindia.co.in,12/24/1996,,Instrumentation,#REF!,2-Sep-19,,,,2024,,,,
1779,Jyotirupa Phukan,B+,6901257922,0,jyotirupa.phukan@bcplindia.co.in,1/2/1988,,Law,#REF!,2-Sep-19,,,,2024,,,,
1809,Jyotirupa Pathak,A+,8011995323,0,jyotirupa.pathak@bcplindia.co.in,11/24/1990,,F & A,#REF!,17-Sep-19,,,,2024,,,,
1760,Reshmi Sen,O+,7086293439,0,reshmi.sen@bcplindia.co.in,8/10/1995,,Mechanical,#REF!,8-Aug-18,,,,2025,,,,
1761,Manash Pratim Baruah,O+,8811087251,0,manashp.baruah@bcplindia.co.in,9/24/1995,,Electrical,#REF!,8-Aug-18,,,,2025,,,,
1764,Rijan Sarkar,AB+,6900183910,0,rijan.sarkar@bcplindia.co.in,9/1/1995,IOPS,Chemical,#REF!,27-Aug-18,,,,2025,,,,
1792,Bhargav Borah,O+,8486430594,0,bhargav.borah@bcplindia.co.in,3/14/1996,LLDPE,Chemical,#REF!,2-Sep-19,,,,2025,,,,
1793,Nilabh Pratim Sharma,B+,7399953312,0,nilabhp.sharma@bcplindia.co.in,5/5/1996,,IT,#REF!,2-Sep-19,,,,2025,,,,
1796,Shashwatee Das,B+,8974950498,0,shashwatee.das@bcplindia.co.in,10/23/1996,,Telecom,#REF!,2-Sep-19,,,,2025,,,,
1797,Kamal Nama,A+,8414039832,0,kamal.nama@bcplindia.co.in,1/22/1997,Lakwa,Chemical,#REF!,2-Sep-19,,,,2025,,,,
1800,Prittish Sutradhar,O+,6002889521,0,prittish.sutradhar@bcplindia.co.in,6/25/1997,,Mechanical,#REF!,2-Sep-19,,,,2025,,,,
1400,Sunil Kumar Pathak,B+,8811097747,0,sunilk.pathak@bcplindia.co.in,7/14/1984,,HR,E3 - M,29-Oct-14,,,,2019,2026,,,
1794,Rajarshi Boro,B+,9508390567,0,rajarshi.boro@bcplindia.co.in,7/24/1996,IOPS,Chemical,#REF!,2-Sep-19,,,,2026,,,,
1422,Sumit Dey,O+,8822266676,0,sumit.dey@bcplindia.co.in,6/9/1984,,Fire & Safety,E2 - DM,29-Oct-14,,,,,,,,
1811,Chandrakala Rajput,A+,7276962678,0,chandrakala.rajput@bcplindia.co.in,12/17/1998,,Fire & Safety,E2 - DM,17-Sep-19,,,,,,,,
1826,Manash Jyoti Saikia,O+,8486300242,0,manashj.saikia@bcplindia.co.in,9/1/1994,GDU,Chemical,E2 - DM,6-Mar-24,,,,,,,,
1827,Jyotisai Saikia,A+,8486764154,0,jyotisai.saikia@bcplindia.co.in,2/1/1992,,Mechanical,E2 - DM,6-Mar-24,,,,,,,,
1828,Dushyanta Madhav Mahanta,A+,8638380795,0,dushyantam.mahanta@bcplindia.co.in,4/1/1996,GSU,Chemical,E2 - DM,6-Mar-24,,,,,,,,
1829,Sandipan Borah,AB+,7720872468,0,sandipan.borah@bcplindia.co.in,10/16/1996,,Mechanical,E2 - DM,6-Mar-24,,,,,,,,
1830,Dhananjoy Kaman,O+,8486763124,0,dhananjoy.kaman@bcplindia.co.in,6/1/1992,ECU,Chemical,E2 - DM,12-Mar-24,,,,,,,,
1831,Joy Sriman Sarmah,B+,7896916836,0,joy.sarmah@bcplindia.co.in,8/22/1993,LLDPE,Chemical,E2 - DM,21-Mar-24,,,,,,,,
1832,Chandan Gogoi,AB+,8638093470,0,chandan.gogoi@bcplindia.co.in,11/16/1994,,Electrical,E2 - DM,21-Mar-24,,,,,,,,
1833,Kamal Goswami,A+,7086221430,0,kamal.goswami@bcplindia.co.in,5/16/1997,GDU,Chemical,E2 - DM,21-Mar-24,,,,,,,,
1835,Pranav Sreenivasa Akella,A+,9949993570,0,pranav.akella@bcplindia.co.in,12/30/1993,ECU,Chemical,E2 - DM,21-Mar-24,,,,,,,,
1836,Raj Kumar,B+,9651023680,0,raj.kumar@bcplindia.co.in,8/15/1989,,Mechanical,E2 - DM,22-Mar-24,,,,,,,,
1837,Arunabh Medhi,O+,7399995874,0,arunabh.medhi@bcplindia.co.in,1/31/1993,Projects,Chemical,E2 - DM,26-Mar-24,,,,,,,,
1838,Kritarth Mohan,O+,9140718509,0,kritarth.mohan@bcplindia.co.in,10/25/1992,,C & P,E2 - DM,28-Mar-24,,,,,,,,
1839,Jitu Das,A+,9706790749,Town,jitu.das@bcplindia.co.in,12/31/1990,PPU,Chemical,E2 - DM,28-Mar-24,,,,,,,,
1841,Sidhanth Majumder,O+,9957780465,0,sidhanth.majumder@bcplindia.co.in,11/18/1993,,HR,E2 - DM,28-Mar-24,,,,,,,,
1842,Harsh Deorah,A+,7003418207,0,harsh.deorah@bcplindia.co.in,8/30/1996,,F & A,E2 - DM,28-Mar-24,,,,,,,,
1843,Pallab Das,O+,7699474966,0,pallab.das@bcplindia.co.in,9/19/1992,,Instrumentation,E2 - DM,28-Mar-24,,,,,,,,
1845,Kaushal Kumar Mourya,B+,7894679143,0,kaushalk.mourya@bcplindia.co.in,8/27/1989,Lakwa,Chemical,E2 - DM,28-Mar-24,,,,,,,,
1846,Khushpreet Kaur,,7636823974,0,khushpreet.kaur@bcplindia.co.in,,,,E1 - SE,12-Dec-24,,,,,,,,
1847,Abishek Ghose,,8638890264,0,abishek.ghose@bcplindia.co.in,,,Mechanical,E1 - SE,12-Dec-24,,,,,,,,
1848,Samiran Das,,8822841860,0,samiran.das@bcplindia.co.in,,,Mechanical,E1 - SE,12-Dec-24,,,,,,,,
1849,Anup Jyoti Baishya,,6000635359,0,anupj.baishya@bcplindia.co.in,,,Electrical,E1 - SE,12-Dec-24,,,,,,,,
1850,Bikash Borah,,8822045466,0,bikash.borah@bcplindia.co.in,,,IT,E1 - SE,12-Dec-24,,,,,,,,
1851,Tanoy Deb,,7005972923,0,tanoy.deb@bcplindia.co.in,,,Electrical,E1 - SE,12-Dec-24,,,,,,,,
1852,Hrishikesh Deka,,7896550296,0,hrishikesh.deka@bcplindia.co.in,,,Instrumentation,E1 - SE,12-Dec-24,,,,,,,,
1853,Abhijit Doley,,7638007046,0,abhijit.doley@bcplindia.co.in,,,Electrical,E1 - SE,12-Dec-24,,,,,,,,
1854,Deepsikha Gogoi,,8472068616,0,deepsikha.gogoi@bcplindia.co.in,,ECU,Chemical,E1 - SE,12-Dec-24,,,,,,,,
1855,Dibangkar Basumatary,,7099374808,0,dibangkar.basumatary@bcplindia.co.in,,,Instrumentation,E1 - SE,12-Dec-24,,,,,,,,
1856,Aditya Barkataky,,9706318125,0,aditya.barkataky@bcplindia.co.in,,IOPS,Chemical,E1 - SE,12-Dec-24,,,,,,,,
1857,Manas Pratim Bhagawati,,8822700578,0,manasp.bhagawati@bcplindia.co.in,,LLDPE,Chemical,E1 - SE,12-Dec-24,,,,,,,,
1858,Soumik Roy,,7002055827,0,soumik.roy@bcplindia.co.in,,,Instrumentation,E1 - SE,12-Dec-24,,,,,,,,
1859,Lakshyajit Das,,9957932822,0,lakshyajit.das@bcplindia.co.in,,,Mechanical,E1 - SE,12-Dec-24,,,,,,,,
1860,Swapnajyoti Das,,7002239201,0,swapnajyoti.das@bcplindia.co.in,,Lakwa,Chemical,E1 - SE,12-Dec-24,,,,,,,,
1868,M Armin Kumar Singha,,8822439191,0,armink.singha@bcplindia.co.in,,,Instrumentation,E1 - SE,28-Mar-25,,,,,,,,
1870,Mriganabh Sarma,,7002977490,0,mriganabh.sarma@bcplindia.co.in,,Projects,Chemical,E1 - SE,1-Feb-26,,,,,,,,
1871,Pritam Thakuria,,7636019012,Hostel,pritamthakuria@bcplindia.co.in,,PPU,Chemical,E1 - SE,1-Feb-26,,,,,,,,
1872,Rakib Ikbal Sarkar,,8927855590,0,rakibikbal.sarkar@bcplindia.co.in,,,Instrumentation,E1 - SE,1-Feb-26,,,,,,,,
1873,Indra Bhushan Chetry,,7002365499,0,indrab.chetry@bcplindia.co.in,,Projects,Chemical,E1 - SE,1-Feb-26,,,,,,,,
1874,Hardeep Kumar,,7006025179,0,hardeep.kumar@bcplindia.co.in,,GSU,Chemical,E1 - SE,1-Feb-26,,,,,,,,
1875,Deep Pratim Rana,,9424164833,0,deepp.rana@bcplindia.co.in,,IOPS,Chemical,E1 - SE,1-Feb-26,,,,,,,,
1876,Aklesh Khound,,8638704519,0,aklesh.khound@bcplindia.co.in,,,Electrical,E1 - SE,1-Feb-26,,,,,,,,
1877,Samrat Das,,9101742388,0,samrat.das@bcplindia.co.in,,LLDPE,Chemical,E1 - SE,1-Feb-26,,,,,,,,
1878,Devarun Sharma,,7637884636,0,devarun.sharma@bcplindia.co.in,,,Mechanical,E1 - SE,1-Feb-26,,,,,,,,
1880,Joy Patar,,9678359691,0,joy.patar@bcplindia.co.in,,ECU,Chemical,E1 - SE,1-Feb-26,,,,,,,,
1881,Arindom Nath,,7002446332,0,arindom.nath@bcplindia.co.in,,ECU,Chemical,E1 - SE,1-Feb-26,,,,,,,,
1882,Indranil Sarmah,,7002447967,0,indranil.sarmah@bcplindia.co.in,,,IT,E1 - SE,1-Feb-26,,,,,,,,
1883,Sanjoy Nayak,,7029261243,0,sanjoy.nayak@bcplindia.co.in,,ECU,Chemical,E1 - SE,1-Feb-26,,,,,,,,
1884,Shubham Kumar Agarwal,,7352163330,0,shubhamkumar.agarwal@bcplindia.co.in,,ECU,Chemical,E1 - SE,1-Feb-26,,,,,,,,
1885,Prosenjit Ghosh,,6291907734,0,prosenjit.ghosh@bcplindia.co.in,,ECU,Chemical,E1 - SE,1-Feb-26,,,,,,,,
1886,Purushotam Shivshakti Mahan,,9639145338,0,purushotam.mahan@bcplindia.co.in,,ECU,Chemical,E1 - SE,1-Feb-26,,,,,,,,
1887,Amit Kumar,,7753037051,0,amit.kumar@bcplindia.co.in,,GSU,Chemical,E1 - SE,1-Feb-26,,,,,,,,
1350,Juri Moni Borah,O+,8486556195,0,jurimoni.borah@bcplindia.co.in,12/31/1983,,Laboratory,E0 - JE,29-Oct-14,,,,,,,,
1823,Tanushree Samridhi Boruah,AB+,8011035370,0,tanushree.boruah@bcplindia.co.in,9/28/1996,,Laboratory,E0 - JE,17-Sep-19,,,,,,,,
1824,Hemonta Borthakur,B+,9401835038,0,hemonta.borthakur@bcplindia.co.in,1/31/1994,,Laboratory,E0 - JE,17-Sep-19,,,,,,,,
1844,Debashish Rajkhowa,A+,9101267078,0,debashish.rajkhowa@bcplindia.co.in,9/19/1997,,Laboratory,E0 - JE,28-Mar-24,,,,,,,,
1861,Devajit Deka,,9101342979,0,devajit.deka@bcplindia.co.in,,,Laboratory,E0 - JE,28-Mar-25,,,,,,,,
1862,Mrigakhi Sharma,,8876493664,0,mrigakhi.sharma@bcplindia.co.in,,,Hindi,E0 - JE,28-Mar-25,,,,,,,,
1331,Bibekananda Sonowal,,9957122467,0,BIBEKANANDA.SONOWAL@BCPLINDIA.CO.IN,11/1/1977,,Instrumentation,E0 - JE,29-Oct-14,2025,,,,,,,
1332,Ritumoni Borthakur,,9706190210,0,RITUMONI.BORTHAKUR@BCPLINDIA.CO.IN,6/30/1987,,Electrical,E0 - JE,29-Oct-14,2025,,,,,,,
1334,Sonit Kumar Sarma,,8876317827,0,SONITK.SARMA@BCPLINDIA.CO.IN,6/26/1985,ECU,Chemical,E0 - JE,29-Oct-14,2025,,,,,,,
1335,Amar Jyoti Kalita,,8135072794,0,AMARJ.KALITA@BCPLINDIA.CO.IN,7/2/1985,ECU,Chemical,E0 - JE,29-Oct-14,2025,,,,,,,
1337,Jitendra Kumar Gautam,,9127063559,0,JITENDRAK.GAUTAM@BCPLINDIA.CO.IN,1/2/1985,GSU,Chemical,E0 - JE,29-Oct-14,2025,,,,,,,
1338,Shivananda Nath,,9435548430,0,SHIVANANDA.NATH@BCPLINDIA.CO.IN,1/31/1980,GSU,Chemical,E0 - JE,29-Oct-14,2025,,,,,,,
1339,Kalyan Kumar Nath,,9706524875,0,KALYANK.NATH@BCPLINDIA.CO.IN,9/1/1981,ECU,Chemical,E0 - JE,29-Oct-14,2025,,,,,,,
1340,Manoj Kumar Das,,8254919771,0,MANOJK.DAS@BCPLINDIA.CO.IN,9/26/1981,GSU,Chemical,E0 - JE,29-Oct-14,2025,,,,,,,
1341,Prasanta Lekharu,,8254002964,0,PRASANTA.LEKHARU@BCPLINDIA.CO.IN,1/1/1982,,Instrumentation,E0 - JE,29-Oct-14,2025,,,,,,,
1342,Rampal Maurya,,7086036020,0,RAMPAL.MAURYA@BCPLINDIA.CO.IN,3/5/1982,,Instrumentation,E0 - JE,29-Oct-14,2025,,,,,,,
1344,Meghali Gogoi,,7896582127,0,MEGHALI.GOGOI@BCPLINDIA.CO.IN,2/6/1988,,Electrical,E0 - JE,29-Oct-14,2025,,,,,,,
1381,Achuit Ranjan Chetia,,7637010214,0,ACHUITR.CHETIA@BCPLINDIA.CO.IN,12/31/1978,PPU,Chemical,E0 - JE,29-Oct-14,2025,,,,,,,
1382,Khiraj Hazarika,,9435332267,0,KHIRAJ.HAZARIKA@BCPLINDIA.CO.IN,2/5/1979,Offsite,Chemical,E0 - JE,29-Oct-14,2025,,,,,,,
1384,Lalit Borah,,9678599046,0,LALIT.BORAH@BCPLINDIA.CO.IN,12/31/1979,PPU,Chemical,E0 - JE,29-Oct-14,2025,,,,,,,
1385,Nilutpal Sonowal,,7896720960,0,NILUTPAL.SONOWAL@BCPLINDIA.CO.IN,1/1/1981,IOPS,Chemical,E0 - JE,29-Oct-14,2025,,,,,,,
1387,Robin Chandra Kalita,,7086031248,0,ROBINC.KALITA@BCPLINDIA.CO.IN,7/31/1982,ECU,Chemical,E0 - JE,29-Oct-14,2025,,,,,,,
1388,Shakeel Ahmed Muhib,,7575901904,0,SAKEELA.MUHIB@BCPLINDIA.CO.IN,,,Mechanical,E0 - JE,29-Oct-14,2025,,,,,,,
1393,Ankur Dutta,,8473064934,0,ANKUR.DUTTA@BCPLINDIA.CO.IN,,GSU,Chemical,E0 - JE,29-Oct-14,2025,,,,,,,
1395,Dipak Kumar Brahma,,9401635258,0,DIPAKK.BRAHMA@BCPLINDIA.CO.IN,,,Electrical,E0 - JE,29-Oct-14,2025,,,,,,,
1399,Sachaida Nand Tripathi,,8811097409,0,SACHIDANAND.TRIPATHI@BCPLINDIA.CO.IN,,GSU,Chemical,E0 - JE,29-Oct-14,2025,,,,,,,
1401,Ram Pravesh Singh,,8811095871,0,RAMPRAVESH.SINGH@BCPLINDIA.CO.IN,,IOPS,Chemical,E0 - JE,29-Oct-14,2025,,,,,,,
1489,Chandra Doley,,7086029240,0,CHANDRA.DOLEY@BCPLINDIA.CO.IN,,,Mechanical,E0 - JE,29-Apr-15,2025,,,,,,,
1490,Debabrat Das,,9706161327,0,DEBABRAT.DAS@BCPLINDIA.CO.IN,,,Mechanical,E0 - JE,29-Apr-15,2025,,,,,,,
1492,Bhaskar Jyoti Buragohain,,9859690687,0,BHASKARJ.BURAGOHAIN@BCPLINDIA.CO.IN,,,Chemical,E0 - JE,29-Apr-15,2025,,,,,,,
1517,Mandeep Chetia,,8812817299,0,MANDEEP.CHETIA@BCPLINDIA.CO.IN,,LLDPE,Chemical,E0 - JE,29-Jul-15,2025,,,,,,,
1522,Bidyut Kalita,,9954208722,0,BIDYUT.KALITA@BCPLINDIA.CO.IN,,PPU,Chemical,E0 - JE,29-Jul-15,2025,,,,,,,
1549,Rituraj Chetia,,7896109541,0,RITURAJ.CHETIA@BCPLINDIA.CO.IN,,,Electrical,E0 - JE,29-Jul-15,2025,,,,,,,
1869,Bapan Mondal,,7001564946,0,bapan.mondal@bcplindia.co.in,,,Laboratory,E0 - JE,28-Mar-25,2025,,,,,,,
1333,Prasanta Saikia,,7578998988,0,prasanta.saikia@bcplindia.co.in,,,Instrumentation,E0 - JE,29-Oct-14,2026,,,,,,,
1343,Beni Prasad Chhawara,,9957719838,0,benip.chhawara@bcplindia.co.in,,,Electrical,E0 - JE,29-Oct-14,2026,,,,,,,
1383,Abhijit Borthakur,,7002605119,0,abhijit.borthakur@bcplindia.co.in,,,Mechanical,E0 - JE,29-Oct-14,2026,,,,,,,
,,,,,,,,,,,,,,,,,,
